{
    "accuracy": 0.9666666666666667,
    "classification_report": {
        "0": {
            "precision": 1.0,
            "recall": 1.0,
            "f1-score": 1.0,
            "support": 10.0
        },
        "1": {
            "precision": 1.0,
            "recall": 0.9,
            "f1-score": 0.9473684210526315,
            "support": 10.0
        },
        "2": {
            "precision": 0.9090909090909091,
            "recall": 1.0,
            "f1-score": 0.9523809523809523,
            "support": 10.0
        },
        "accuracy": 0.9666666666666667,
        "macro avg": {
            "precision": 0.9696969696969697,
            "recall": 0.9666666666666667,
            "f1-score": 0.9665831244778612,
            "support": 30.0
        },
        "weighted avg": {
            "precision": 0.9696969696969696,
            "recall": 0.9666666666666667,
            "f1-score": 0.9665831244778613,
            "support": 30.0
        }
    }
}